stock_label,subregion_species,assessment period,year,cv_rec,cv_f
Norwegian-Barents Seas (SA 1-2),Northeast Arctic_haddock,1950-2016,1950,34.8,12.41
Norwegian-Barents Seas (SA 1-2),Northeast Arctic_haddock,1950-2016,1951,33.71,11.83
Norwegian-Barents Seas (SA 1-2),Northeast Arctic_haddock,1950-2016,1952,33.62,12.39
Norwegian-Barents Seas (SA 1-2),Northeast Arctic_haddock,1950-2016,1953,34.09,13.23
Norwegian-Barents Seas (SA 1-2),Northeast Arctic_haddock,1950-2016,1954,33.96,13.82
Norwegian-Barents Seas (SA 1-2),Northeast Arctic_haddock,1950-2016,1955,34.66,13.69
Norwegian-Barents Seas (SA 1-2),Northeast Arctic_haddock,1950-2016,1956,34.63,12.76
Norwegian-Barents Seas (SA 1-2),Northeast Arctic_haddock,1950-2016,1957,33.93,13.69
Norwegian-Barents Seas (SA 1-2),Northeast Arctic_haddock,1950-2016,1958,34.6,12.49
Norwegian-Barents Seas (SA 1-2),Northeast Arctic_haddock,1950-2016,1959,33.17,12.47
Norwegian-Barents Seas (SA 1-2),Northeast Arctic_haddock,1950-2016,1960,33.45,11.84
Norwegian-Barents Seas (SA 1-2),Northeast Arctic_haddock,1950-2016,1961,32.7,11.6
Norwegian-Barents Seas (SA 1-2),Northeast Arctic_haddock,1950-2016,1962,32.53,11.56
Norwegian-Barents Seas (SA 1-2),Northeast Arctic_haddock,1950-2016,1963,32.53,12.58
Norwegian-Barents Seas (SA 1-2),Northeast Arctic_haddock,1950-2016,1964,33.01,12.37
Norwegian-Barents Seas (SA 1-2),Northeast Arctic_haddock,1950-2016,1965,33.16,12.76
Norwegian-Barents Seas (SA 1-2),Northeast Arctic_haddock,1950-2016,1966,33.22,13.23
Norwegian-Barents Seas (SA 1-2),Northeast Arctic_haddock,1950-2016,1967,33.51,13.31
Norwegian-Barents Seas (SA 1-2),Northeast Arctic_haddock,1950-2016,1968,34.35,13.82
Norwegian-Barents Seas (SA 1-2),Northeast Arctic_haddock,1950-2016,1969,33.43,13.69
Norwegian-Barents Seas (SA 1-2),Northeast Arctic_haddock,1950-2016,1970,34.14,14.39
Norwegian-Barents Seas (SA 1-2),Northeast Arctic_haddock,1950-2016,1971,34.7,13.51
Norwegian-Barents Seas (SA 1-2),Northeast Arctic_haddock,1950-2016,1972,32.63,12.34
Norwegian-Barents Seas (SA 1-2),Northeast Arctic_haddock,1950-2016,1973,32.53,14.01
Norwegian-Barents Seas (SA 1-2),Northeast Arctic_haddock,1950-2016,1974,32.15,12.76
Norwegian-Barents Seas (SA 1-2),Northeast Arctic_haddock,1950-2016,1975,31.95,13.01
Norwegian-Barents Seas (SA 1-2),Northeast Arctic_haddock,1950-2016,1976,32.38,12.05
Norwegian-Barents Seas (SA 1-2),Northeast Arctic_haddock,1950-2016,1977,33.3,12.41
Norwegian-Barents Seas (SA 1-2),Northeast Arctic_haddock,1950-2016,1978,32.43,13.17
Norwegian-Barents Seas (SA 1-2),Northeast Arctic_haddock,1950-2016,1979,32.7,14.32
Norwegian-Barents Seas (SA 1-2),Northeast Arctic_haddock,1950-2016,1980,35.7,13.31
Norwegian-Barents Seas (SA 1-2),Northeast Arctic_haddock,1950-2016,1981,34.19,13.69
Norwegian-Barents Seas (SA 1-2),Northeast Arctic_haddock,1950-2016,1982,33.55,14.17
Norwegian-Barents Seas (SA 1-2),Northeast Arctic_haddock,1950-2016,1983,34.33,15.59
Norwegian-Barents Seas (SA 1-2),Northeast Arctic_haddock,1950-2016,1984,33.92,15.31
Norwegian-Barents Seas (SA 1-2),Northeast Arctic_haddock,1950-2016,1985,33.52,14.03
Norwegian-Barents Seas (SA 1-2),Northeast Arctic_haddock,1950-2016,1986,33.11,12.99
Norwegian-Barents Seas (SA 1-2),Northeast Arctic_haddock,1950-2016,1987,33.91,13.14
Norwegian-Barents Seas (SA 1-2),Northeast Arctic_haddock,1950-2016,1988,34.74,15.4
Norwegian-Barents Seas (SA 1-2),Northeast Arctic_haddock,1950-2016,1989,33.9,17.01
Norwegian-Barents Seas (SA 1-2),Northeast Arctic_haddock,1950-2016,1990,30.63,15.53
Norwegian-Barents Seas (SA 1-2),Northeast Arctic_haddock,1950-2016,1991,21.98,12.24
Norwegian-Barents Seas (SA 1-2),Northeast Arctic_haddock,1950-2016,1992,21.45,12.32
Norwegian-Barents Seas (SA 1-2),Northeast Arctic_haddock,1950-2016,1993,22.7,11.9
Norwegian-Barents Seas (SA 1-2),Northeast Arctic_haddock,1950-2016,1994,21.42,11.66
Norwegian-Barents Seas (SA 1-2),Northeast Arctic_haddock,1950-2016,1995,21.7,12.37
Norwegian-Barents Seas (SA 1-2),Northeast Arctic_haddock,1950-2016,1996,21.57,11.48
Norwegian-Barents Seas (SA 1-2),Northeast Arctic_haddock,1950-2016,1997,21.5,12.49
Norwegian-Barents Seas (SA 1-2),Northeast Arctic_haddock,1950-2016,1998,21.26,12.76
Norwegian-Barents Seas (SA 1-2),Northeast Arctic_haddock,1950-2016,1999,21.37,11.94
Norwegian-Barents Seas (SA 1-2),Northeast Arctic_haddock,1950-2016,2000,21.22,12.41
Norwegian-Barents Seas (SA 1-2),Northeast Arctic_haddock,1950-2016,2001,21.53,12.76
Norwegian-Barents Seas (SA 1-2),Northeast Arctic_haddock,1950-2016,2002,21.19,12.37
Norwegian-Barents Seas (SA 1-2),Northeast Arctic_haddock,1950-2016,2003,20.66,11.48
Norwegian-Barents Seas (SA 1-2),Northeast Arctic_haddock,1950-2016,2004,18.38,12.44
Norwegian-Barents Seas (SA 1-2),Northeast Arctic_haddock,1950-2016,2005,19.42,11.87
Norwegian-Barents Seas (SA 1-2),Northeast Arctic_haddock,1950-2016,2006,18.32,12.08
Norwegian-Barents Seas (SA 1-2),Northeast Arctic_haddock,1950-2016,2007,21.32,13.12
Norwegian-Barents Seas (SA 1-2),Northeast Arctic_haddock,1950-2016,2008,21.14,14.07
Norwegian-Barents Seas (SA 1-2),Northeast Arctic_haddock,1950-2016,2009,21.18,14.29
Norwegian-Barents Seas (SA 1-2),Northeast Arctic_haddock,1950-2016,2010,18.22,13.31
Norwegian-Barents Seas (SA 1-2),Northeast Arctic_haddock,1950-2016,2011,18.19,13.91
Norwegian-Barents Seas (SA 1-2),Northeast Arctic_haddock,1950-2016,2012,19.45,12.76
Norwegian-Barents Seas (SA 1-2),Northeast Arctic_haddock,1950-2016,2013,18.94,13.61
Norwegian-Barents Seas (SA 1-2),Northeast Arctic_haddock,1950-2016,2014,19.08,13.61
Norwegian-Barents Seas (SA 1-2),Northeast Arctic_haddock,1950-2016,2015,21.11,15.01
Norwegian-Barents Seas (SA 1-2),Northeast Arctic_haddock,1950-2016,2016,23.62,15.31
Norwegian-Barents Seas (SA 1-2),Northeast Arctic_saithe,1960-2016,1970,25.82,12.33
Norwegian-Barents Seas (SA 1-2),Northeast Arctic_saithe,1960-2016,1971,25.47,11.62
Norwegian-Barents Seas (SA 1-2),Northeast Arctic_saithe,1960-2016,1972,25.4,11.11
Norwegian-Barents Seas (SA 1-2),Northeast Arctic_saithe,1960-2016,1973,25.38,10.4
Norwegian-Barents Seas (SA 1-2),Northeast Arctic_saithe,1960-2016,1974,25.76,10.1
Norwegian-Barents Seas (SA 1-2),Northeast Arctic_saithe,1960-2016,1975,25.44,9.9
Norwegian-Barents Seas (SA 1-2),Northeast Arctic_saithe,1960-2016,1976,25.64,10.3
Norwegian-Barents Seas (SA 1-2),Northeast Arctic_saithe,1960-2016,1977,25.41,10.51
Norwegian-Barents Seas (SA 1-2),Northeast Arctic_saithe,1960-2016,1978,25.48,10.1
Norwegian-Barents Seas (SA 1-2),Northeast Arctic_saithe,1960-2016,1979,25.46,10.11
Norwegian-Barents Seas (SA 1-2),Northeast Arctic_saithe,1960-2016,1980,25.41,10.12
Norwegian-Barents Seas (SA 1-2),Northeast Arctic_saithe,1960-2016,1981,25.97,10.45
Norwegian-Barents Seas (SA 1-2),Northeast Arctic_saithe,1960-2016,1982,25.65,10.45
Norwegian-Barents Seas (SA 1-2),Northeast Arctic_saithe,1960-2016,1983,25.89,10.98
Norwegian-Barents Seas (SA 1-2),Northeast Arctic_saithe,1960-2016,1984,26.19,10.77
Norwegian-Barents Seas (SA 1-2),Northeast Arctic_saithe,1960-2016,1985,26.17,10.5
Norwegian-Barents Seas (SA 1-2),Northeast Arctic_saithe,1960-2016,1986,26.53,10.58
Norwegian-Barents Seas (SA 1-2),Northeast Arctic_saithe,1960-2016,1987,25.92,10.52
Norwegian-Barents Seas (SA 1-2),Northeast Arctic_saithe,1960-2016,1988,26.74,10.99
Norwegian-Barents Seas (SA 1-2),Northeast Arctic_saithe,1960-2016,1989,26.49,14.85
Norwegian-Barents Seas (SA 1-2),Northeast Arctic_saithe,1960-2016,1990,26.9,13.03
Norwegian-Barents Seas (SA 1-2),Northeast Arctic_saithe,1960-2016,1991,26.16,11.35
Norwegian-Barents Seas (SA 1-2),Northeast Arctic_saithe,1960-2016,1992,26.17,9.84
Norwegian-Barents Seas (SA 1-2),Northeast Arctic_saithe,1960-2016,1993,25.67,10.41
Norwegian-Barents Seas (SA 1-2),Northeast Arctic_saithe,1960-2016,1994,24.07,11.9
Norwegian-Barents Seas (SA 1-2),Northeast Arctic_saithe,1960-2016,1995,24.33,12.63
Norwegian-Barents Seas (SA 1-2),Northeast Arctic_saithe,1960-2016,1996,23.74,11.69
Norwegian-Barents Seas (SA 1-2),Northeast Arctic_saithe,1960-2016,1997,23.85,11.47
Norwegian-Barents Seas (SA 1-2),Northeast Arctic_saithe,1960-2016,1998,23.67,11.41
Norwegian-Barents Seas (SA 1-2),Northeast Arctic_saithe,1960-2016,1999,23.69,12.18
Norwegian-Barents Seas (SA 1-2),Northeast Arctic_saithe,1960-2016,2000,23.68,12.08
Norwegian-Barents Seas (SA 1-2),Northeast Arctic_saithe,1960-2016,2001,23.04,11.23
Norwegian-Barents Seas (SA 1-2),Northeast Arctic_saithe,1960-2016,2002,21.37,10.28
Norwegian-Barents Seas (SA 1-2),Northeast Arctic_saithe,1960-2016,2003,21.58,9.76
Norwegian-Barents Seas (SA 1-2),Northeast Arctic_saithe,1960-2016,2004,22.71,9.26
Norwegian-Barents Seas (SA 1-2),Northeast Arctic_saithe,1960-2016,2005,21.83,9.56
Norwegian-Barents Seas (SA 1-2),Northeast Arctic_saithe,1960-2016,2006,21.57,9.13
Norwegian-Barents Seas (SA 1-2),Northeast Arctic_saithe,1960-2016,2007,21.38,9.06
Norwegian-Barents Seas (SA 1-2),Northeast Arctic_saithe,1960-2016,2008,20.9,9.82
Norwegian-Barents Seas (SA 1-2),Northeast Arctic_saithe,1960-2016,2009,20.95,9.88
Norwegian-Barents Seas (SA 1-2),Northeast Arctic_saithe,1960-2016,2010,20.61,9.9
Norwegian-Barents Seas (SA 1-2),Northeast Arctic_saithe,1960-2016,2011,21.6,10.35
Norwegian-Barents Seas (SA 1-2),Northeast Arctic_saithe,1960-2016,2012,20.85,10.76
Norwegian-Barents Seas (SA 1-2),Northeast Arctic_saithe,1960-2016,2013,21.23,12.39
Norwegian-Barents Seas (SA 1-2),Northeast Arctic_saithe,1960-2016,2014,22.18,13.61
Norwegian-Barents Seas (SA 1-2),Northeast Arctic_saithe,1960-2016,2015,23.8,15.16
Norwegian-Barents Seas (SA 1-2),Northeast Arctic_saithe,1960-2016,2016,30.88,17.69
"North Sea (SA 4, D 6.a, SD 20)",North Sea_haddock,1972-2016,1972,18.62,7.47
"North Sea (SA 4, D 6.a, SD 20)",North Sea_haddock,1972-2016,1973,24.92,9.02
"North Sea (SA 4, D 6.a, SD 20)",North Sea_haddock,1972-2016,1974,24.71,9.83
"North Sea (SA 4, D 6.a, SD 20)",North Sea_haddock,1972-2016,1975,25.52,9.54
"North Sea (SA 4, D 6.a, SD 20)",North Sea_haddock,1972-2016,1976,29.53,10.09
"North Sea (SA 4, D 6.a, SD 20)",North Sea_haddock,1972-2016,1977,24.73,10.46
"North Sea (SA 4, D 6.a, SD 20)",North Sea_haddock,1972-2016,1978,19.94,9.64
"North Sea (SA 4, D 6.a, SD 20)",North Sea_haddock,1972-2016,1979,18.24,9.65
"North Sea (SA 4, D 6.a, SD 20)",North Sea_haddock,1972-2016,1980,17.1,9.18
"North Sea (SA 4, D 6.a, SD 20)",North Sea_haddock,1972-2016,1981,16.48,9.46
"North Sea (SA 4, D 6.a, SD 20)",North Sea_haddock,1972-2016,1982,16.34,8.35
"North Sea (SA 4, D 6.a, SD 20)",North Sea_haddock,1972-2016,1983,15.93,7.46
"North Sea (SA 4, D 6.a, SD 20)",North Sea_haddock,1972-2016,1984,22.19,7.22
"North Sea (SA 4, D 6.a, SD 20)",North Sea_haddock,1972-2016,1985,16.33,7.12
"North Sea (SA 4, D 6.a, SD 20)",North Sea_haddock,1972-2016,1986,16.17,6.78
"North Sea (SA 4, D 6.a, SD 20)",North Sea_haddock,1972-2016,1987,17.56,6.98
"North Sea (SA 4, D 6.a, SD 20)",North Sea_haddock,1972-2016,1988,15.98,7.14
"North Sea (SA 4, D 6.a, SD 20)",North Sea_haddock,1972-2016,1989,17.71,7.55
"North Sea (SA 4, D 6.a, SD 20)",North Sea_haddock,1972-2016,1990,19.33,7.58
"North Sea (SA 4, D 6.a, SD 20)",North Sea_haddock,1972-2016,1991,22.34,7.68
"North Sea (SA 4, D 6.a, SD 20)",North Sea_haddock,1972-2016,1992,15.3,6.19
"North Sea (SA 4, D 6.a, SD 20)",North Sea_haddock,1972-2016,1993,16.28,6.24
"North Sea (SA 4, D 6.a, SD 20)",North Sea_haddock,1972-2016,1994,14.57,6.71
"North Sea (SA 4, D 6.a, SD 20)",North Sea_haddock,1972-2016,1995,16.36,7.2
"North Sea (SA 4, D 6.a, SD 20)",North Sea_haddock,1972-2016,1996,14.33,7.07
"North Sea (SA 4, D 6.a, SD 20)",North Sea_haddock,1972-2016,1997,14.99,7.96
"North Sea (SA 4, D 6.a, SD 20)",North Sea_haddock,1972-2016,1998,14.27,7.88
"North Sea (SA 4, D 6.a, SD 20)",North Sea_haddock,1972-2016,1999,14.06,7.73
"North Sea (SA 4, D 6.a, SD 20)",North Sea_haddock,1972-2016,2000,24.85,7.65
"North Sea (SA 4, D 6.a, SD 20)",North Sea_haddock,1972-2016,2001,17.59,8.89
"North Sea (SA 4, D 6.a, SD 20)",North Sea_haddock,1972-2016,2002,18.32,9.92
"North Sea (SA 4, D 6.a, SD 20)",North Sea_haddock,1972-2016,2003,19.38,10.84
"North Sea (SA 4, D 6.a, SD 20)",North Sea_haddock,1972-2016,2004,17.74,10.89
"North Sea (SA 4, D 6.a, SD 20)",North Sea_haddock,1972-2016,2005,15.85,10.36
"North Sea (SA 4, D 6.a, SD 20)",North Sea_haddock,1972-2016,2006,21.83,8.81
"North Sea (SA 4, D 6.a, SD 20)",North Sea_haddock,1972-2016,2007,15.52,9.28
"North Sea (SA 4, D 6.a, SD 20)",North Sea_haddock,1972-2016,2008,17.45,10.63
"North Sea (SA 4, D 6.a, SD 20)",North Sea_haddock,1972-2016,2009,15.64,10.55
"North Sea (SA 4, D 6.a, SD 20)",North Sea_haddock,1972-2016,2010,19.66,10.9
"North Sea (SA 4, D 6.a, SD 20)",North Sea_haddock,1972-2016,2011,17.36,10.23
"North Sea (SA 4, D 6.a, SD 20)",North Sea_haddock,1972-2016,2012,20.62,11.3
"North Sea (SA 4, D 6.a, SD 20)",North Sea_haddock,1972-2016,2013,20.74,10.7
"North Sea (SA 4, D 6.a, SD 20)",North Sea_haddock,1972-2016,2014,18.97,10.2
"North Sea (SA 4, D 6.a, SD 20)",North Sea_haddock,1972-2016,2015,24.72,10.3
"North Sea (SA 4, D 6.a, SD 20)",North Sea_haddock,1972-2016,2016,20.77,12.32
North Sea (D 6.d),North Sea 7.d._plaice,1980-2016,1980,15.46,17.35
North Sea (D 6.d),North Sea 7.d._plaice,1980-2016,1981,16.8,13.68
North Sea (D 6.d),North Sea 7.d._plaice,1980-2016,1982,16.22,13.5
North Sea (D 6.d),North Sea 7.d._plaice,1980-2016,1983,17.22,13.27
North Sea (D 6.d),North Sea 7.d._plaice,1980-2016,1984,16.8,11.59
North Sea (D 6.d),North Sea 7.d._plaice,1980-2016,1985,15.13,11.64
North Sea (D 6.d),North Sea 7.d._plaice,1980-2016,1986,13.93,11.4
North Sea (D 6.d),North Sea 7.d._plaice,1980-2016,1987,13.45,10.31
North Sea (D 6.d),North Sea 7.d._plaice,1980-2016,1988,13.95,10.77
North Sea (D 6.d),North Sea 7.d._plaice,1980-2016,1989,15.58,10.28
North Sea (D 6.d),North Sea 7.d._plaice,1980-2016,1990,19.12,9.74
North Sea (D 6.d),North Sea 7.d._plaice,1980-2016,1991,24.82,10.57
North Sea (D 6.d),North Sea 7.d._plaice,1980-2016,1992,27.67,9.86
North Sea (D 6.d),North Sea 7.d._plaice,1980-2016,1993,29.63,9.38
North Sea (D 6.d),North Sea 7.d._plaice,1980-2016,1994,25.78,9.74
North Sea (D 6.d),North Sea 7.d._plaice,1980-2016,1995,18.46,8.34
North Sea (D 6.d),North Sea 7.d._plaice,1980-2016,1996,16.2,8.41
North Sea (D 6.d),North Sea 7.d._plaice,1980-2016,1997,14.52,9.01
North Sea (D 6.d),North Sea 7.d._plaice,1980-2016,1998,15.43,9.63
North Sea (D 6.d),North Sea 7.d._plaice,1980-2016,1999,19.37,11.28
North Sea (D 6.d),North Sea 7.d._plaice,1980-2016,2000,22.58,11.17
North Sea (D 6.d),North Sea 7.d._plaice,1980-2016,2001,22.12,10.84
North Sea (D 6.d),North Sea 7.d._plaice,1980-2016,2002,17.21,12.06
North Sea (D 6.d),North Sea 7.d._plaice,1980-2016,2003,13.1,12.13
North Sea (D 6.d),North Sea 7.d._plaice,1980-2016,2004,11.58,12.79
North Sea (D 6.d),North Sea 7.d._plaice,1980-2016,2005,10.36,13.84
North Sea (D 6.d),North Sea 7.d._plaice,1980-2016,2006,10.4,13.46
North Sea (D 6.d),North Sea 7.d._plaice,1980-2016,2007,9.51,13.37
North Sea (D 6.d),North Sea 7.d._plaice,1980-2016,2008,11.39,13.35
North Sea (D 6.d),North Sea 7.d._plaice,1980-2016,2009,9.81,12.86
North Sea (D 6.d),North Sea 7.d._plaice,1980-2016,2010,10.55,13.8
North Sea (D 6.d),North Sea 7.d._plaice,1980-2016,2011,11.37,13.8
North Sea (D 6.d),North Sea 7.d._plaice,1980-2016,2012,11.61,12.47
North Sea (D 6.d),North Sea 7.d._plaice,1980-2016,2013,14.03,13.38
North Sea (D 6.d),North Sea 7.d._plaice,1980-2016,2014,17.2,13.29
North Sea (D 6.d),North Sea 7.d._plaice,1980-2016,2015,27.05,13.17
North Sea (D 6.d),North Sea 7.d._plaice,1980-2016,2016,51.2,16.88
North Sea (D 3.a),North Sea_turbot,1981-2016,1981,30.65,18.59
North Sea (D 3.a),North Sea_turbot,1981-2016,1982,24.84,18.39
North Sea (D 3.a),North Sea_turbot,1981-2016,1983,28.14,18.22
North Sea (D 3.a),North Sea_turbot,1981-2016,1984,25.18,18.03
North Sea (D 3.a),North Sea_turbot,1981-2016,1985,26.89,18
North Sea (D 3.a),North Sea_turbot,1981-2016,1986,23.91,18.43
North Sea (D 3.a),North Sea_turbot,1981-2016,1987,23.02,17.32
North Sea (D 3.a),North Sea_turbot,1981-2016,1988,24.02,17.07
North Sea (D 3.a),North Sea_turbot,1981-2016,1989,29.07,14.98
North Sea (D 3.a),North Sea_turbot,1981-2016,1990,30.49,17.2
North Sea (D 3.a),North Sea_turbot,1981-2016,1991,27.79,18.13
North Sea (D 3.a),North Sea_turbot,1981-2016,1992,28.56,18.29
North Sea (D 3.a),North Sea_turbot,1981-2016,1993,30.28,17.64
North Sea (D 3.a),North Sea_turbot,1981-2016,1994,29.71,16.85
North Sea (D 3.a),North Sea_turbot,1981-2016,1995,29.57,15.04
North Sea (D 3.a),North Sea_turbot,1981-2016,1996,25.27,15.18
North Sea (D 3.a),North Sea_turbot,1981-2016,1997,24.94,16.83
North Sea (D 3.a),North Sea_turbot,1981-2016,1998,27.16,18.79
North Sea (D 3.a),North Sea_turbot,1981-2016,1999,28,18.61
North Sea (D 3.a),North Sea_turbot,1981-2016,2000,32.57,18.67
North Sea (D 3.a),North Sea_turbot,1981-2016,2001,28.84,18.97
North Sea (D 3.a),North Sea_turbot,1981-2016,2002,24.03,20.68
North Sea (D 3.a),North Sea_turbot,1981-2016,2003,20.97,17.7
North Sea (D 3.a),North Sea_turbot,1981-2016,2004,20.99,18.26
North Sea (D 3.a),North Sea_turbot,1981-2016,2005,19.72,17.77
North Sea (D 3.a),North Sea_turbot,1981-2016,2006,20.92,18.55
North Sea (D 3.a),North Sea_turbot,1981-2016,2007,19.57,20.04
North Sea (D 3.a),North Sea_turbot,1981-2016,2008,20.69,17.82
North Sea (D 3.a),North Sea_turbot,1981-2016,2009,20.36,15.87
North Sea (D 3.a),North Sea_turbot,1981-2016,2010,20.15,15.04
North Sea (D 3.a),North Sea_turbot,1981-2016,2011,21.4,15.29
North Sea (D 3.a),North Sea_turbot,1981-2016,2012,21.31,15.8
North Sea (D 3.a),North Sea_turbot,1981-2016,2013,22.3,15.91
North Sea (D 3.a),North Sea_turbot,1981-2016,2014,21.4,16.09
North Sea (D 3.a),North Sea_turbot,1981-2016,2015,28.09,18.09
North Sea (D 3.a),North Sea_turbot,1981-2016,2016,36.4,22.71
Baltic Sea (SD 22-24),Baltic Sea_cod,1994-2016,1994,23.79,11.2
Baltic Sea (SD 22-24),Baltic Sea_cod,1994-2016,1995,16.01,9.87
Baltic Sea (SD 22-24),Baltic Sea_cod,1994-2016,1996,15.64,9.13
Baltic Sea (SD 22-24),Baltic Sea_cod,1994-2016,1997,19.69,9
Baltic Sea (SD 22-24),Baltic Sea_cod,1994-2016,1998,15.01,8.86
Baltic Sea (SD 22-24),Baltic Sea_cod,1994-2016,1999,15.66,8.86
Baltic Sea (SD 22-24),Baltic Sea_cod,1994-2016,2000,17.99,8.52
Baltic Sea (SD 22-24),Baltic Sea_cod,1994-2016,2001,13.25,9.09
Baltic Sea (SD 22-24),Baltic Sea_cod,1994-2016,2002,13.37,8.97
Baltic Sea (SD 22-24),Baltic Sea_cod,1994-2016,2003,11.93,8.6
Baltic Sea (SD 22-24),Baltic Sea_cod,1994-2016,2004,14.87,8.86
Baltic Sea (SD 22-24),Baltic Sea_cod,1994-2016,2005,13.3,9.36
Baltic Sea (SD 22-24),Baltic Sea_cod,1994-2016,2006,15.2,11.59
Baltic Sea (SD 22-24),Baltic Sea_cod,1994-2016,2007,13.85,9.95
Baltic Sea (SD 22-24),Baltic Sea_cod,1994-2016,2008,12.3,9.31
Baltic Sea (SD 22-24),Baltic Sea_cod,1994-2016,2009,11.58,9.36
Baltic Sea (SD 22-24),Baltic Sea_cod,1994-2016,2010,12.63,9.43
Baltic Sea (SD 22-24),Baltic Sea_cod,1994-2016,2011,16.39,9.56
Baltic Sea (SD 22-24),Baltic Sea_cod,1994-2016,2012,14.58,9.79
Baltic Sea (SD 22-24),Baltic Sea_cod,1994-2016,2013,12.6,12.18
Baltic Sea (SD 22-24),Baltic Sea_cod,1994-2016,2014,12.34,12.06
Baltic Sea (SD 22-24),Baltic Sea_cod,1994-2016,2015,14.71,15.34
Baltic Sea (SD 22-24),Baltic Sea_cod,1994-2016,2016,19.96,19.97
Baltic Sea (SD 21-23),Baltic Sea_plaice,1999-2016,1999,15.6,14.62
Baltic Sea (SD 21-23),Baltic Sea_plaice,1999-2016,2000,14.57,11.42
Baltic Sea (SD 21-23),Baltic Sea_plaice,1999-2016,2001,16,10.82
Baltic Sea (SD 21-23),Baltic Sea_plaice,1999-2016,2002,14.53,11.23
Baltic Sea (SD 21-23),Baltic Sea_plaice,1999-2016,2003,14.87,12.25
Baltic Sea (SD 21-23),Baltic Sea_plaice,1999-2016,2004,14.53,12.77
Baltic Sea (SD 21-23),Baltic Sea_plaice,1999-2016,2005,14.26,12.99
Baltic Sea (SD 21-23),Baltic Sea_plaice,1999-2016,2006,14.32,12.35
Baltic Sea (SD 21-23),Baltic Sea_plaice,1999-2016,2007,14.3,13.11
Baltic Sea (SD 21-23),Baltic Sea_plaice,1999-2016,2008,14.5,13.82
Baltic Sea (SD 21-23),Baltic Sea_plaice,1999-2016,2009,13.99,16.56
Baltic Sea (SD 21-23),Baltic Sea_plaice,1999-2016,2010,14.02,21.66
Baltic Sea (SD 21-23),Baltic Sea_plaice,1999-2016,2011,14.46,28.54
Baltic Sea (SD 21-23),Baltic Sea_plaice,1999-2016,2012,14.24,42.23
Baltic Sea (SD 21-23),Baltic Sea_plaice,1999-2016,2013,14.81,46.1
Baltic Sea (SD 21-23),Baltic Sea_plaice,1999-2016,2014,15.94,44.03
Baltic Sea (SD 21-23),Baltic Sea_plaice,1999-2016,2015,18.42,39.64
Baltic Sea (SD 21-23),Baltic Sea_plaice,1999-2016,2016,23.68,36.78
Baltic Sea (SD 20-24),Baltic Sea_sole,1984-2016,1984,33.87,17.18
Baltic Sea (SD 20-24),Baltic Sea_sole,1984-2016,1985,27.65,17.17
Baltic Sea (SD 20-24),Baltic Sea_sole,1984-2016,1986,26.23,14.38
Baltic Sea (SD 20-24),Baltic Sea_sole,1984-2016,1987,28.87,14.01
Baltic Sea (SD 20-24),Baltic Sea_sole,1984-2016,1988,26.01,14.04
Baltic Sea (SD 20-24),Baltic Sea_sole,1984-2016,1989,26.65,13.63
Baltic Sea (SD 20-24),Baltic Sea_sole,1984-2016,1990,26.28,13.24
Baltic Sea (SD 20-24),Baltic Sea_sole,1984-2016,1991,29.82,12.26
Baltic Sea (SD 20-24),Baltic Sea_sole,1984-2016,1992,27.5,12.73
Baltic Sea (SD 20-24),Baltic Sea_sole,1984-2016,1993,26.12,13.7
Baltic Sea (SD 20-24),Baltic Sea_sole,1984-2016,1994,25.27,13.31
Baltic Sea (SD 20-24),Baltic Sea_sole,1984-2016,1995,29,13.14
Baltic Sea (SD 20-24),Baltic Sea_sole,1984-2016,1996,39.09,12.24
Baltic Sea (SD 20-24),Baltic Sea_sole,1984-2016,1997,26.74,12.28
Baltic Sea (SD 20-24),Baltic Sea_sole,1984-2016,1998,25.54,12.85
Baltic Sea (SD 20-24),Baltic Sea_sole,1984-2016,1999,27.06,12.54
Baltic Sea (SD 20-24),Baltic Sea_sole,1984-2016,2000,25.49,12.79
Baltic Sea (SD 20-24),Baltic Sea_sole,1984-2016,2001,28.3,14.43
Baltic Sea (SD 20-24),Baltic Sea_sole,1984-2016,2002,25.73,13.95
Baltic Sea (SD 20-24),Baltic Sea_sole,1984-2016,2003,26.62,16.35
Baltic Sea (SD 20-24),Baltic Sea_sole,1984-2016,2004,22.91,14.44
Baltic Sea (SD 20-24),Baltic Sea_sole,1984-2016,2005,23.96,14.1
Baltic Sea (SD 20-24),Baltic Sea_sole,1984-2016,2006,23.89,13.95
Baltic Sea (SD 20-24),Baltic Sea_sole,1984-2016,2007,24.1,15.1
Baltic Sea (SD 20-24),Baltic Sea_sole,1984-2016,2008,25.01,16.01
Baltic Sea (SD 20-24),Baltic Sea_sole,1984-2016,2009,24.15,17.07
Baltic Sea (SD 20-24),Baltic Sea_sole,1984-2016,2010,24.3,17.59
Baltic Sea (SD 20-24),Baltic Sea_sole,1984-2016,2011,26.55,18.36
Baltic Sea (SD 20-24),Baltic Sea_sole,1984-2016,2012,31.47,19.17
Baltic Sea (SD 20-24),Baltic Sea_sole,1984-2016,2013,31.13,18.95
Baltic Sea (SD 20-24),Baltic Sea_sole,1984-2016,2014,27.26,18.86
Baltic Sea (SD 20-24),Baltic Sea_sole,1984-2016,2015,32.73,20.55
Baltic Sea (SD 20-24),Baltic Sea_sole,1984-2016,2016,42.23,20.94
Faroes (SD 5.b),Faroe Plateau_cod,1959-2016,1959,51.13,14.72
Faroes (SD 5.b),Faroe Plateau_cod,1959-2016,1960,46.92,13.12
Faroes (SD 5.b),Faroe Plateau_cod,1959-2016,1961,46.86,13.55
Faroes (SD 5.b),Faroe Plateau_cod,1959-2016,1962,47.21,14.32
Faroes (SD 5.b),Faroe Plateau_cod,1959-2016,1963,47.11,15.31
Faroes (SD 5.b),Faroe Plateau_cod,1959-2016,1964,47.81,14.58
Faroes (SD 5.b),Faroe Plateau_cod,1959-2016,1965,47.71,14.58
Faroes (SD 5.b),Faroe Plateau_cod,1959-2016,1966,47.95,15.94
Faroes (SD 5.b),Faroe Plateau_cod,1959-2016,1967,47.98,15.53
Faroes (SD 5.b),Faroe Plateau_cod,1959-2016,1968,48.21,14.74
Faroes (SD 5.b),Faroe Plateau_cod,1959-2016,1969,48.78,14.88
Faroes (SD 5.b),Faroe Plateau_cod,1959-2016,1970,49.4,15.7
Faroes (SD 5.b),Faroe Plateau_cod,1959-2016,1971,48.96,16.11
Faroes (SD 5.b),Faroe Plateau_cod,1959-2016,1972,48.47,14.58
Faroes (SD 5.b),Faroe Plateau_cod,1959-2016,1973,48.4,13.79
Faroes (SD 5.b),Faroe Plateau_cod,1959-2016,1974,48.03,13.43
Faroes (SD 5.b),Faroe Plateau_cod,1959-2016,1975,47.86,12.76
Faroes (SD 5.b),Faroe Plateau_cod,1959-2016,1976,48.44,11.9
Faroes (SD 5.b),Faroe Plateau_cod,1959-2016,1977,48.05,12.32
Faroes (SD 5.b),Faroe Plateau_cod,1959-2016,1978,48.1,13.54
Faroes (SD 5.b),Faroe Plateau_cod,1959-2016,1979,48.15,13.82
Faroes (SD 5.b),Faroe Plateau_cod,1959-2016,1980,47.87,13.05
Faroes (SD 5.b),Faroe Plateau_cod,1959-2016,1981,47.42,13.03
Faroes (SD 5.b),Faroe Plateau_cod,1959-2016,1982,47.39,12.49
Faroes (SD 5.b),Faroe Plateau_cod,1959-2016,1983,39.77,11.77
Faroes (SD 5.b),Faroe Plateau_cod,1959-2016,1984,47.44,12.06
Faroes (SD 5.b),Faroe Plateau_cod,1959-2016,1985,48.85,11.66
Faroes (SD 5.b),Faroe Plateau_cod,1959-2016,1986,48.08,12.34
Faroes (SD 5.b),Faroe Plateau_cod,1959-2016,1987,47.17,12.06
Faroes (SD 5.b),Faroe Plateau_cod,1959-2016,1988,48.95,11.42
Faroes (SD 5.b),Faroe Plateau_cod,1959-2016,1989,48.75,10.74
Faroes (SD 5.b),Faroe Plateau_cod,1959-2016,1990,48.88,12.37
Faroes (SD 5.b),Faroe Plateau_cod,1959-2016,1991,49.84,14.01
Faroes (SD 5.b),Faroe Plateau_cod,1959-2016,1992,49.99,14.58
Faroes (SD 5.b),Faroe Plateau_cod,1959-2016,1993,47.21,14.35
Faroes (SD 5.b),Faroe Plateau_cod,1959-2016,1994,46.81,13.61
Faroes (SD 5.b),Faroe Plateau_cod,1959-2016,1995,43.63,12.76
Faroes (SD 5.b),Faroe Plateau_cod,1959-2016,1996,42.97,10.36
Faroes (SD 5.b),Faroe Plateau_cod,1959-2016,1997,41.74,10.08
Faroes (SD 5.b),Faroe Plateau_cod,1959-2016,1998,39.74,10.2
Faroes (SD 5.b),Faroe Plateau_cod,1959-2016,1999,40.68,10.78
Faroes (SD 5.b),Faroe Plateau_cod,1959-2016,2000,40.56,12
Faroes (SD 5.b),Faroe Plateau_cod,1959-2016,2001,40.23,10.74
Faroes (SD 5.b),Faroe Plateau_cod,1959-2016,2002,41.35,10.2
Faroes (SD 5.b),Faroe Plateau_cod,1959-2016,2003,40.79,10.48
Faroes (SD 5.b),Faroe Plateau_cod,1959-2016,2004,39.87,10.36
Faroes (SD 5.b),Faroe Plateau_cod,1959-2016,2005,39.89,10.93
Faroes (SD 5.b),Faroe Plateau_cod,1959-2016,2006,39.78,10.99
Faroes (SD 5.b),Faroe Plateau_cod,1959-2016,2007,40.1,11.34
Faroes (SD 5.b),Faroe Plateau_cod,1959-2016,2008,41.52,12.06
Faroes (SD 5.b),Faroe Plateau_cod,1959-2016,2009,43.68,11.44
Faroes (SD 5.b),Faroe Plateau_cod,1959-2016,2010,42.6,11.18
Faroes (SD 5.b),Faroe Plateau_cod,1959-2016,2011,43.23,12.06
Faroes (SD 5.b),Faroe Plateau_cod,1959-2016,2012,41,12.56
Faroes (SD 5.b),Faroe Plateau_cod,1959-2016,2013,43.7,14.24
Faroes (SD 5.b),Faroe Plateau_cod,1959-2016,2014,45.59,13.69
Faroes (SD 5.b),Faroe Plateau_cod,1959-2016,2015,46.73,15.12
Faroes (SD 5.b),Faroe Plateau_cod,1959-2016,2016,75.08,18.55
Faroes (SD 5.b),Faroe Plateau_haddock,1957-2016,1957,45.85,18.74
Faroes (SD 5.b),Faroe Plateau_haddock,1957-2016,1958,41.77,15.15
Faroes (SD 5.b),Faroe Plateau_haddock,1957-2016,1959,40.44,15.39
Faroes (SD 5.b),Faroe Plateau_haddock,1957-2016,1960,40.55,13.98
Faroes (SD 5.b),Faroe Plateau_haddock,1957-2016,1961,41.25,14.58
Faroes (SD 5.b),Faroe Plateau_haddock,1957-2016,1962,41.37,14.79
Faroes (SD 5.b),Faroe Plateau_haddock,1957-2016,1963,41.66,14.68
Faroes (SD 5.b),Faroe Plateau_haddock,1957-2016,1964,42.2,16.37
Faroes (SD 5.b),Faroe Plateau_haddock,1957-2016,1965,42.42,15.83
Faroes (SD 5.b),Faroe Plateau_haddock,1957-2016,1966,42.3,15.77
Faroes (SD 5.b),Faroe Plateau_haddock,1957-2016,1967,42.38,16.64
Faroes (SD 5.b),Faroe Plateau_haddock,1957-2016,1968,42.12,15.62
Faroes (SD 5.b),Faroe Plateau_haddock,1957-2016,1969,41.97,15.49
Faroes (SD 5.b),Faroe Plateau_haddock,1957-2016,1970,42.2,16.33
Faroes (SD 5.b),Faroe Plateau_haddock,1957-2016,1971,42.14,18.37
Faroes (SD 5.b),Faroe Plateau_haddock,1957-2016,1972,42.51,18.14
Faroes (SD 5.b),Faroe Plateau_haddock,1957-2016,1973,45.36,20.41
Faroes (SD 5.b),Faroe Plateau_haddock,1957-2016,1974,45.53,19.75
Faroes (SD 5.b),Faroe Plateau_haddock,1957-2016,1975,46.19,19.62
Faroes (SD 5.b),Faroe Plateau_haddock,1957-2016,1976,47.41,18.1
Faroes (SD 5.b),Faroe Plateau_haddock,1957-2016,1977,63.35,20.68
Faroes (SD 5.b),Faroe Plateau_haddock,1957-2016,1978,64.12,22.11
Faroes (SD 5.b),Faroe Plateau_haddock,1957-2016,1979,49.56,24.3
Faroes (SD 5.b),Faroe Plateau_haddock,1957-2016,1980,56.87,22.68
Faroes (SD 5.b),Faroe Plateau_haddock,1957-2016,1981,57.01,20.41
Faroes (SD 5.b),Faroe Plateau_haddock,1957-2016,1982,57.18,19.31
Faroes (SD 5.b),Faroe Plateau_haddock,1957-2016,1983,57.59,20.1
Faroes (SD 5.b),Faroe Plateau_haddock,1957-2016,1984,48.65,21.11
Faroes (SD 5.b),Faroe Plateau_haddock,1957-2016,1985,57.91,21.4
Faroes (SD 5.b),Faroe Plateau_haddock,1957-2016,1986,58.25,21.11
Faroes (SD 5.b),Faroe Plateau_haddock,1957-2016,1987,58.89,20.1
Faroes (SD 5.b),Faroe Plateau_haddock,1957-2016,1988,58.64,18.22
Faroes (SD 5.b),Faroe Plateau_haddock,1957-2016,1989,57.72,19.75
Faroes (SD 5.b),Faroe Plateau_haddock,1957-2016,1990,57.49,20.41
Faroes (SD 5.b),Faroe Plateau_haddock,1957-2016,1991,57.21,20.73
Faroes (SD 5.b),Faroe Plateau_haddock,1957-2016,1992,58.04,20.79
Faroes (SD 5.b),Faroe Plateau_haddock,1957-2016,1993,51.06,20.79
Faroes (SD 5.b),Faroe Plateau_haddock,1957-2016,1994,38.41,19.96
Faroes (SD 5.b),Faroe Plateau_haddock,1957-2016,1995,39.68,17.66
Faroes (SD 5.b),Faroe Plateau_haddock,1957-2016,1996,29.7,16.46
Faroes (SD 5.b),Faroe Plateau_haddock,1957-2016,1997,32.26,17.01
Faroes (SD 5.b),Faroe Plateau_haddock,1957-2016,1998,31.1,15.7
Faroes (SD 5.b),Faroe Plateau_haddock,1957-2016,1999,28.63,16.01
Faroes (SD 5.b),Faroe Plateau_haddock,1957-2016,2000,28.68,16.18
Faroes (SD 5.b),Faroe Plateau_haddock,1957-2016,2001,28.88,15.59
Faroes (SD 5.b),Faroe Plateau_haddock,1957-2016,2002,31.69,15.17
Faroes (SD 5.b),Faroe Plateau_haddock,1957-2016,2003,31.47,15.42
Faroes (SD 5.b),Faroe Plateau_haddock,1957-2016,2004,29.37,15.94
Faroes (SD 5.b),Faroe Plateau_haddock,1957-2016,2005,31.44,15.79
Faroes (SD 5.b),Faroe Plateau_haddock,1957-2016,2006,31.36,15.79
Faroes (SD 5.b),Faroe Plateau_haddock,1957-2016,2007,31.24,15.7
Faroes (SD 5.b),Faroe Plateau_haddock,1957-2016,2008,29.87,15.01
Faroes (SD 5.b),Faroe Plateau_haddock,1957-2016,2009,31.33,17.01
Faroes (SD 5.b),Faroe Plateau_haddock,1957-2016,2010,31.65,14.93
Faroes (SD 5.b),Faroe Plateau_haddock,1957-2016,2011,33.05,16.58
Faroes (SD 5.b),Faroe Plateau_haddock,1957-2016,2012,31.67,17.54
Faroes (SD 5.b),Faroe Plateau_haddock,1957-2016,2013,31.54,16.03
Faroes (SD 5.b),Faroe Plateau_haddock,1957-2016,2014,31.8,19.13
Faroes (SD 5.b),Faroe Plateau_haddock,1957-2016,2015,33.34,18.71
Faroes (SD 5.b),Faroe Plateau_haddock,1957-2016,2016,38.7,21.87
Celtic Seas (D 6.a),Celtic Sea 6.d._cod,1981-2016,1981,8.34,6.39
Celtic Seas (D 6.a),Celtic Sea 6.d._cod,1981-2016,1982,5.32,5.87
Celtic Seas (D 6.a),Celtic Sea 6.d._cod,1981-2016,1983,8.12,5.51
Celtic Seas (D 6.a),Celtic Sea 6.d._cod,1981-2016,1984,5.25,5.35
Celtic Seas (D 6.a),Celtic Sea 6.d._cod,1981-2016,1985,8.99,5.04
Celtic Seas (D 6.a),Celtic Sea 6.d._cod,1981-2016,1986,7.49,6.55
Celtic Seas (D 6.a),Celtic Sea 6.d._cod,1981-2016,1987,10.4,5.87
Celtic Seas (D 6.a),Celtic Sea 6.d._cod,1981-2016,1988,12.93,5.41
Celtic Seas (D 6.a),Celtic Sea 6.d._cod,1981-2016,1989,8.45,5.67
Celtic Seas (D 6.a),Celtic Sea 6.d._cod,1981-2016,1990,15.46,8.26
Celtic Seas (D 6.a),Celtic Sea 6.d._cod,1981-2016,1991,12.38,10.51
Celtic Seas (D 6.a),Celtic Sea 6.d._cod,1981-2016,1992,8.78,10.79
Celtic Seas (D 6.a),Celtic Sea 6.d._cod,1981-2016,1993,9.56,11.06
Celtic Seas (D 6.a),Celtic Sea 6.d._cod,1981-2016,1994,10.34,10.96
Celtic Seas (D 6.a),Celtic Sea 6.d._cod,1981-2016,1995,10.23,10.71
Celtic Seas (D 6.a),Celtic Sea 6.d._cod,1981-2016,1996,13.93,10.41
Celtic Seas (D 6.a),Celtic Sea 6.d._cod,1981-2016,1997,9.55,10.55
Celtic Seas (D 6.a),Celtic Sea 6.d._cod,1981-2016,1998,15.14,10.91
Celtic Seas (D 6.a),Celtic Sea 6.d._cod,1981-2016,1999,14.94,11.03
Celtic Seas (D 6.a),Celtic Sea 6.d._cod,1981-2016,2000,10.82,11.78
Celtic Seas (D 6.a),Celtic Sea 6.d._cod,1981-2016,2001,15.62,11.01
Celtic Seas (D 6.a),Celtic Sea 6.d._cod,1981-2016,2002,14.39,11.33
Celtic Seas (D 6.a),Celtic Sea 6.d._cod,1981-2016,2003,25.69,11.06
Celtic Seas (D 6.a),Celtic Sea 6.d._cod,1981-2016,2004,22.29,11.28
Celtic Seas (D 6.a),Celtic Sea 6.d._cod,1981-2016,2005,24.92,12.72
Celtic Seas (D 6.a),Celtic Sea 6.d._cod,1981-2016,2006,13.85,9.75
Celtic Seas (D 6.a),Celtic Sea 6.d._cod,1981-2016,2007,16,8.15
Celtic Seas (D 6.a),Celtic Sea 6.d._cod,1981-2016,2008,19.24,8.94
Celtic Seas (D 6.a),Celtic Sea 6.d._cod,1981-2016,2009,14.15,8.96
Celtic Seas (D 6.a),Celtic Sea 6.d._cod,1981-2016,2010,11.31,8.28
Celtic Seas (D 6.a),Celtic Sea 6.d._cod,1981-2016,2011,13.55,7.59
Celtic Seas (D 6.a),Celtic Sea 6.d._cod,1981-2016,2012,16.59,8.53
Celtic Seas (D 6.a),Celtic Sea 6.d._cod,1981-2016,2013,17.83,8.23
Celtic Seas (D 6.a),Celtic Sea 6.d._cod,1981-2016,2014,21,10.79
Celtic Seas (D 6.a),Celtic Sea 6.d._cod,1981-2016,2015,34.55,11.48
Celtic Seas (D 6.a),Celtic Sea 6.d._cod,1981-2016,2016,27.3,16.42
Celtic Seas (D 7.a),Irish Sea_cod,1968-2016,1968,3.79,2.36
Celtic Seas (D 7.a),Irish Sea_cod,1968-2016,1969,4.72,4.03
Celtic Seas (D 7.a),Irish Sea_cod,1968-2016,1970,3.82,4.56
Celtic Seas (D 7.a),Irish Sea_cod,1968-2016,1971,6.83,4.07
Celtic Seas (D 7.a),Irish Sea_cod,1968-2016,1972,4,3.54
Celtic Seas (D 7.a),Irish Sea_cod,1968-2016,1973,8.08,3.67
Celtic Seas (D 7.a),Irish Sea_cod,1968-2016,1974,4.11,3.33
Celtic Seas (D 7.a),Irish Sea_cod,1968-2016,1975,6.89,3.74
Celtic Seas (D 7.a),Irish Sea_cod,1968-2016,1976,5.44,3.38
Celtic Seas (D 7.a),Irish Sea_cod,1968-2016,1977,5.59,4.29
Celtic Seas (D 7.a),Irish Sea_cod,1968-2016,1978,4.2,4.89
Celtic Seas (D 7.a),Irish Sea_cod,1968-2016,1979,4.02,4.65
Celtic Seas (D 7.a),Irish Sea_cod,1968-2016,1980,5.28,3.67
Celtic Seas (D 7.a),Irish Sea_cod,1968-2016,1981,7,3.01
Celtic Seas (D 7.a),Irish Sea_cod,1968-2016,1982,5.62,3.21
Celtic Seas (D 7.a),Irish Sea_cod,1968-2016,1983,4.67,4.08
Celtic Seas (D 7.a),Irish Sea_cod,1968-2016,1984,5.1,4.54
Celtic Seas (D 7.a),Irish Sea_cod,1968-2016,1985,5.99,4.18
Celtic Seas (D 7.a),Irish Sea_cod,1968-2016,1986,3.83,4.44
Celtic Seas (D 7.a),Irish Sea_cod,1968-2016,1987,5.07,4.18
Celtic Seas (D 7.a),Irish Sea_cod,1968-2016,1988,6.68,3.22
Celtic Seas (D 7.a),Irish Sea_cod,1968-2016,1989,6.42,3.38
Celtic Seas (D 7.a),Irish Sea_cod,1968-2016,1990,6.49,4.72
Celtic Seas (D 7.a),Irish Sea_cod,1968-2016,1991,4.36,5.21
Celtic Seas (D 7.a),Irish Sea_cod,1968-2016,1992,6.73,4.34
Celtic Seas (D 7.a),Irish Sea_cod,1968-2016,1993,4.22,3.64
Celtic Seas (D 7.a),Irish Sea_cod,1968-2016,1994,4.46,4.84
Celtic Seas (D 7.a),Irish Sea_cod,1968-2016,1995,4.46,4.31
Celtic Seas (D 7.a),Irish Sea_cod,1968-2016,1996,3.78,4.15
Celtic Seas (D 7.a),Irish Sea_cod,1968-2016,1997,5.59,3.64
Celtic Seas (D 7.a),Irish Sea_cod,1968-2016,1998,8.38,2.96
Celtic Seas (D 7.a),Irish Sea_cod,1968-2016,1999,3.34,5.02
Celtic Seas (D 7.a),Irish Sea_cod,1968-2016,2000,4.9,6.34
Celtic Seas (D 7.a),Irish Sea_cod,1968-2016,2001,4.3,4.78
Celtic Seas (D 7.a),Irish Sea_cod,1968-2016,2002,5.7,5.12
Celtic Seas (D 7.a),Irish Sea_cod,1968-2016,2003,3.99,5.16
Celtic Seas (D 7.a),Irish Sea_cod,1968-2016,2004,4.58,5.29
Celtic Seas (D 7.a),Irish Sea_cod,1968-2016,2005,3.86,4.82
Celtic Seas (D 7.a),Irish Sea_cod,1968-2016,2006,3.48,4.56
Celtic Seas (D 7.a),Irish Sea_cod,1968-2016,2007,6.44,4.47
Celtic Seas (D 7.a),Irish Sea_cod,1968-2016,2008,4.22,4.72
Celtic Seas (D 7.a),Irish Sea_cod,1968-2016,2009,4.83,6.02
Celtic Seas (D 7.a),Irish Sea_cod,1968-2016,2010,6.75,6.88
Celtic Seas (D 7.a),Irish Sea_cod,1968-2016,2011,8.42,8.5
Celtic Seas (D 7.a),Irish Sea_cod,1968-2016,2012,9.47,10.58
Celtic Seas (D 7.a),Irish Sea_cod,1968-2016,2013,10.01,11.84
Celtic Seas (D 7.a),Irish Sea_cod,1968-2016,2014,11.29,11.49
Celtic Seas (D 7.a),Irish Sea_cod,1968-2016,2015,12.32,11.25
Celtic Seas (D 7.a),Irish Sea_cod,1968-2016,2016,26.82,11.01
Celtic Seas (D 7.b-k),Celtic Sea_haddock,1993-2016,1993,21.2,24.6
Celtic Seas (D 7.b-k),Celtic Sea_haddock,1993-2016,1994,18.4,23.6
Celtic Seas (D 7.b-k),Celtic Sea_haddock,1993-2016,1995,16,25.8
Celtic Seas (D 7.b-k),Celtic Sea_haddock,1993-2016,1996,19.9,25.7
Celtic Seas (D 7.b-k),Celtic Sea_haddock,1993-2016,1997,22.2,25.7
Celtic Seas (D 7.b-k),Celtic Sea_haddock,1993-2016,1998,19.3,24.4
Celtic Seas (D 7.b-k),Celtic Sea_haddock,1993-2016,1999,18.2,28.9
Celtic Seas (D 7.b-k),Celtic Sea_haddock,1993-2016,2000,20.7,27.7
Celtic Seas (D 7.b-k),Celtic Sea_haddock,1993-2016,2001,17.4,30.3
Celtic Seas (D 7.b-k),Celtic Sea_haddock,1993-2016,2002,14,23.3
Celtic Seas (D 7.b-k),Celtic Sea_haddock,1993-2016,2003,15.6,26.8
Celtic Seas (D 7.b-k),Celtic Sea_haddock,1993-2016,2004,13.1,24.2
Celtic Seas (D 7.b-k),Celtic Sea_haddock,1993-2016,2005,12.5,23.2
Celtic Seas (D 7.b-k),Celtic Sea_haddock,1993-2016,2006,13.9,28.5
Celtic Seas (D 7.b-k),Celtic Sea_haddock,1993-2016,2007,10.6,26.7
Celtic Seas (D 7.b-k),Celtic Sea_haddock,1993-2016,2008,13.1,17.8
Celtic Seas (D 7.b-k),Celtic Sea_haddock,1993-2016,2009,9,18.7
Celtic Seas (D 7.b-k),Celtic Sea_haddock,1993-2016,2010,13.9,18.3
Celtic Seas (D 7.b-k),Celtic Sea_haddock,1993-2016,2011,19.3,19.1
Celtic Seas (D 7.b-k),Celtic Sea_haddock,1993-2016,2012,20.7,16
Celtic Seas (D 7.b-k),Celtic Sea_haddock,1993-2016,2013,11.1,18.2
Celtic Seas (D 7.b-k),Celtic Sea_haddock,1993-2016,2014,19.6,20.2
Celtic Seas (D 7.b-k),Celtic Sea_haddock,1993-2016,2015,15.9,21.8
Celtic Seas (D 7.b-k),Celtic Sea_haddock,1993-2016,2016,42.4,25.2
Celtic Seas (D 7.a),Irish Sea_plaice,1981-2016,1981,23.98,14.46
Celtic Seas (D 7.a),Irish Sea_plaice,1981-2016,1982,20.23,12.97
Celtic Seas (D 7.a),Irish Sea_plaice,1981-2016,1983,19.75,13.55
Celtic Seas (D 7.a),Irish Sea_plaice,1981-2016,1984,19.33,12.53
Celtic Seas (D 7.a),Irish Sea_plaice,1981-2016,1985,19.17,12.76
Celtic Seas (D 7.a),Irish Sea_plaice,1981-2016,1986,19.26,12.97
Celtic Seas (D 7.a),Irish Sea_plaice,1981-2016,1987,19.82,13.12
Celtic Seas (D 7.a),Irish Sea_plaice,1981-2016,1988,19.18,12.39
Celtic Seas (D 7.a),Irish Sea_plaice,1981-2016,1989,21.4,13.61
Celtic Seas (D 7.a),Irish Sea_plaice,1981-2016,1990,18.84,12.97
Celtic Seas (D 7.a),Irish Sea_plaice,1981-2016,1991,18.41,12.97
Celtic Seas (D 7.a),Irish Sea_plaice,1981-2016,1992,17.8,11.72
Celtic Seas (D 7.a),Irish Sea_plaice,1981-2016,1993,15.82,12.76
Celtic Seas (D 7.a),Irish Sea_plaice,1981-2016,1994,16.13,12.96
Celtic Seas (D 7.a),Irish Sea_plaice,1981-2016,1995,15.85,13.43
Celtic Seas (D 7.a),Irish Sea_plaice,1981-2016,1996,16.02,14.01
Celtic Seas (D 7.a),Irish Sea_plaice,1981-2016,1997,15.88,14.01
Celtic Seas (D 7.a),Irish Sea_plaice,1981-2016,1998,15.88,14.01
Celtic Seas (D 7.a),Irish Sea_plaice,1981-2016,1999,16.37,15.7
Celtic Seas (D 7.a),Irish Sea_plaice,1981-2016,2000,17.39,17.54
Celtic Seas (D 7.a),Irish Sea_plaice,1981-2016,2001,16.53,18.9
Celtic Seas (D 7.a),Irish Sea_plaice,1981-2016,2002,16.86,17.01
Celtic Seas (D 7.a),Irish Sea_plaice,1981-2016,2003,17.8,21.48
Celtic Seas (D 7.a),Irish Sea_plaice,1981-2016,2004,17.36,21.87
Celtic Seas (D 7.a),Irish Sea_plaice,1981-2016,2005,17.28,18.8
Celtic Seas (D 7.a),Irish Sea_plaice,1981-2016,2006,16.6,20.41
Celtic Seas (D 7.a),Irish Sea_plaice,1981-2016,2007,17.33,20.87
Celtic Seas (D 7.a),Irish Sea_plaice,1981-2016,2008,16.69,21.01
Celtic Seas (D 7.a),Irish Sea_plaice,1981-2016,2009,18.48,21.26
Celtic Seas (D 7.a),Irish Sea_plaice,1981-2016,2010,16.85,21.48
Celtic Seas (D 7.a),Irish Sea_plaice,1981-2016,2011,17.35,21.26
Celtic Seas (D 7.a),Irish Sea_plaice,1981-2016,2012,17.06,19.62
Celtic Seas (D 7.a),Irish Sea_plaice,1981-2016,2013,17.13,19.13
Celtic Seas (D 7.a),Irish Sea_plaice,1981-2016,2014,19.62,17.01
Celtic Seas (D 7.a),Irish Sea_plaice,1981-2016,2015,20.59,17.01
Celtic Seas (D 7.a),Irish Sea_plaice,1981-2016,2016,23.62,20.41
Celtic Seas (D 6.a),Celtic Sea 27.6.a._whiting,1981-2016,1981,30.65,18.59
Celtic Seas (D 6.a),Celtic Sea 27.6.a._whiting,1981-2016,1982,24.84,18.39
Celtic Seas (D 6.a),Celtic Sea 27.6.a._whiting,1981-2016,1983,28.14,18.22
Celtic Seas (D 6.a),Celtic Sea 27.6.a._whiting,1981-2016,1984,25.18,18.03
Celtic Seas (D 6.a),Celtic Sea 27.6.a._whiting,1981-2016,1985,26.89,18
Celtic Seas (D 6.a),Celtic Sea 27.6.a._whiting,1981-2016,1986,23.91,18.43
Celtic Seas (D 6.a),Celtic Sea 27.6.a._whiting,1981-2016,1987,23.02,17.32
Celtic Seas (D 6.a),Celtic Sea 27.6.a._whiting,1981-2016,1988,24.02,17.07
Celtic Seas (D 6.a),Celtic Sea 27.6.a._whiting,1981-2016,1989,29.07,14.98
Celtic Seas (D 6.a),Celtic Sea 27.6.a._whiting,1981-2016,1990,30.49,17.2
Celtic Seas (D 6.a),Celtic Sea 27.6.a._whiting,1981-2016,1991,27.79,18.13
Celtic Seas (D 6.a),Celtic Sea 27.6.a._whiting,1981-2016,1992,28.56,18.29
Celtic Seas (D 6.a),Celtic Sea 27.6.a._whiting,1981-2016,1993,30.28,17.64
Celtic Seas (D 6.a),Celtic Sea 27.6.a._whiting,1981-2016,1994,29.71,16.85
Celtic Seas (D 6.a),Celtic Sea 27.6.a._whiting,1981-2016,1995,29.57,15.04
Celtic Seas (D 6.a),Celtic Sea 27.6.a._whiting,1981-2016,1996,25.27,15.18
Celtic Seas (D 6.a),Celtic Sea 27.6.a._whiting,1981-2016,1997,24.94,16.83
Celtic Seas (D 6.a),Celtic Sea 27.6.a._whiting,1981-2016,1998,27.16,18.79
Celtic Seas (D 6.a),Celtic Sea 27.6.a._whiting,1981-2016,1999,28,18.61
Celtic Seas (D 6.a),Celtic Sea 27.6.a._whiting,1981-2016,2000,32.57,18.67
Celtic Seas (D 6.a),Celtic Sea 27.6.a._whiting,1981-2016,2001,28.84,18.97
Celtic Seas (D 6.a),Celtic Sea 27.6.a._whiting,1981-2016,2002,24.03,20.68
Celtic Seas (D 6.a),Celtic Sea 27.6.a._whiting,1981-2016,2003,20.97,17.7
Celtic Seas (D 6.a),Celtic Sea 27.6.a._whiting,1981-2016,2004,20.99,18.26
Celtic Seas (D 6.a),Celtic Sea 27.6.a._whiting,1981-2016,2005,19.72,17.77
Celtic Seas (D 6.a),Celtic Sea 27.6.a._whiting,1981-2016,2006,20.92,18.55
Celtic Seas (D 6.a),Celtic Sea 27.6.a._whiting,1981-2016,2007,19.57,20.04
Celtic Seas (D 6.a),Celtic Sea 27.6.a._whiting,1981-2016,2008,20.69,17.82
Celtic Seas (D 6.a),Celtic Sea 27.6.a._whiting,1981-2016,2009,20.36,15.87
Celtic Seas (D 6.a),Celtic Sea 27.6.a._whiting,1981-2016,2010,20.15,15.04
Celtic Seas (D 6.a),Celtic Sea 27.6.a._whiting,1981-2016,2011,21.4,15.29
Celtic Seas (D 6.a),Celtic Sea 27.6.a._whiting,1981-2016,2012,21.31,15.8
Celtic Seas (D 6.a),Celtic Sea 27.6.a._whiting,1981-2016,2013,22.3,15.91
Celtic Seas (D 6.a),Celtic Sea 27.6.a._whiting,1981-2016,2014,21.4,16.09
Celtic Seas (D 6.a),Celtic Sea 27.6.a._whiting,1981-2016,2015,28.09,18.09
Celtic Seas (D 6.a),Celtic Sea 27.6.a._whiting,1981-2016,2016,36.4,22.71
Celtic Seas (D 7.a),Celtic Sea 7.a._whiting,1980-2016,1980,32.54,32.25
Celtic Seas (D 7.a),Celtic Sea 7.a._whiting,1980-2016,1981,42.31,29.38
Celtic Seas (D 7.a),Celtic Sea 7.a._whiting,1980-2016,1982,44.38,32.97
Celtic Seas (D 7.a),Celtic Sea 7.a._whiting,1980-2016,1983,25.26,38.83
Celtic Seas (D 7.a),Celtic Sea 7.a._whiting,1980-2016,1984,31.31,35.5
Celtic Seas (D 7.a),Celtic Sea 7.a._whiting,1980-2016,1985,34.33,32.53
Celtic Seas (D 7.a),Celtic Sea 7.a._whiting,1980-2016,1986,26.16,35.03
Celtic Seas (D 7.a),Celtic Sea 7.a._whiting,1980-2016,1987,34.6,32.5
Celtic Seas (D 7.a),Celtic Sea 7.a._whiting,1980-2016,1988,32.24,32.76
Celtic Seas (D 7.a),Celtic Sea 7.a._whiting,1980-2016,1989,26.66,32.35
Celtic Seas (D 7.a),Celtic Sea 7.a._whiting,1980-2016,1990,24.97,30.84
Celtic Seas (D 7.a),Celtic Sea 7.a._whiting,1980-2016,1991,16.75,25.53
Celtic Seas (D 7.a),Celtic Sea 7.a._whiting,1980-2016,1992,15.22,18.7
Celtic Seas (D 7.a),Celtic Sea 7.a._whiting,1980-2016,1993,13.07,17.11
Celtic Seas (D 7.a),Celtic Sea 7.a._whiting,1980-2016,1994,13.72,17.78
Celtic Seas (D 7.a),Celtic Sea 7.a._whiting,1980-2016,1995,11.86,17.25
Celtic Seas (D 7.a),Celtic Sea 7.a._whiting,1980-2016,1996,12.88,14.98
Celtic Seas (D 7.a),Celtic Sea 7.a._whiting,1980-2016,1997,13.95,16.78
Celtic Seas (D 7.a),Celtic Sea 7.a._whiting,1980-2016,1998,13.05,16.89
Celtic Seas (D 7.a),Celtic Sea 7.a._whiting,1980-2016,1999,12.79,17.91
Celtic Seas (D 7.a),Celtic Sea 7.a._whiting,1980-2016,2000,13.94,15.48
Celtic Seas (D 7.a),Celtic Sea 7.a._whiting,1980-2016,2001,13.06,18.49
Celtic Seas (D 7.a),Celtic Sea 7.a._whiting,1980-2016,2002,13.63,16.12
Celtic Seas (D 7.a),Celtic Sea 7.a._whiting,1980-2016,2003,14.93,23.87
Celtic Seas (D 7.a),Celtic Sea 7.a._whiting,1980-2016,2004,12.51,17.52
Celtic Seas (D 7.a),Celtic Sea 7.a._whiting,1980-2016,2005,13.87,28.1
Celtic Seas (D 7.a),Celtic Sea 7.a._whiting,1980-2016,2006,12.61,18.42
Celtic Seas (D 7.a),Celtic Sea 7.a._whiting,1980-2016,2007,13.1,17.14
Celtic Seas (D 7.a),Celtic Sea 7.a._whiting,1980-2016,2008,12.48,19.45
Celtic Seas (D 7.a),Celtic Sea 7.a._whiting,1980-2016,2009,13.35,17.76
Celtic Seas (D 7.a),Celtic Sea 7.a._whiting,1980-2016,2010,12.84,19.22
Celtic Seas (D 7.a),Celtic Sea 7.a._whiting,1980-2016,2011,12.57,19.95
Celtic Seas (D 7.a),Celtic Sea 7.a._whiting,1980-2016,2012,13.56,17.53
Celtic Seas (D 7.a),Celtic Sea 7.a._whiting,1980-2016,2013,14.03,22.35
Celtic Seas (D 7.a),Celtic Sea 7.a._whiting,1980-2016,2014,12.21,18.82
Celtic Seas (D 7.a),Celtic Sea 7.a._whiting,1980-2016,2015,15.91,21.8
Celtic Seas (D 7.a),Celtic Sea 7.a._whiting,1980-2016,2016,24.86,31.32
